program,size,time
inferrust,10,0.0000805
inferray,10,0.097
inferrust,20,0.0001782
inferray,20,0.005
inferrust,50,0.0004361
inferray,50,0.021
inferrust,100,0.0010852
inferray,100,0.025
inferrust,200,0.0035043
inferray,200,0.062
inferrust,500,0.0226161
inferray,500,0.027
inferrust,1000,0.1165428
inferray,1000,0.14

