program,triples(k),parsing time,time to access the first triple,time to end
sophia,10,0.0572418,0.0000016,0.0000319
inferrust,10,0.0984858,0.0002147,0.0001734
sophia,20,0.1798126,0.0000015,0.0000669
inferrust,20,0.3626794,0.0002002,0.0006474
sophia,50,0.4642606,0.0000018,0.0002568
inferrust,50,2.838547,0.000231,0.0019936
sophia,100,1.059599,0.0000019,0.0006032
inferrust,100,15.4846673,0.0002275,0.003885
sophia,500,4.3951714,0.0000015,0.0013544
inferrust,500,121.8063751,0.0002489,0.0171754
